time_s,hr_bpm,d_meter_m,latitude,longitude
2025-09-13T12:30:05.000Z,117,0.0,47.38050878047943,15.094758700579405
2025-09-13T12:30:07.000Z,115,0.2800000011920929,47.380512887611985,15.094753839075565
2025-09-13T12:30:08.000Z,120,0.4300000071525574,47.380525628104806,15.094755431637168
2025-09-13T12:30:10.000Z,124,1.840000033378601,47.38053753040731,15.09473699145019
2025-09-13T12:30:13.000Z,127,1.9299999475479126,47.38055379129946,15.094748642295599
2025-09-13T12:30:14.000Z,124,2.1500000953674316,47.38055622205138,15.09474478662014
2025-09-13T12:30:17.000Z,128,4.800000190734863,47.38057667389512,15.094716707244515
2025-09-13T12:30:18.000Z,129,6.639999866485596,47.38057482987642,15.094692315906286
2025-09-13T12:30:20.000Z,132,11.739999771118164,47.380560329183936,15.094628445804119
2025-09-13T12:30:23.000Z,136,22.799999237060547,47.380536273121834,15.094489641487598
2025-09-13T12:30:26.000Z,140,33.29999923706055,47.38049897365272,15.094361398369074
2025-09-13T12:30:28.000Z,143,40.52000045776367,47.38046578131616,15.094279339537024
2025-09-13T12:30:30.000Z,147,46.66999816894531,47.38044532947242,15.094203650951385
2025-09-13T12:30:33.000Z,150,56.040000915527344,47.38041339442134,15.094087310135365
2025-09-13T12:30:34.000Z,151,59.540000915527344,47.38039922900498,15.094045316800475
2025-09-13T12:30:39.000Z,153,79.72000122070312,47.380315409973264,15.093808947131038
2025-09-13T12:30:41.000Z,154,87.18000030517578,47.38029722124338,15.093713477253914
2025-09-13T12:30:47.000Z,157,108.45999908447266,47.380215832963586,15.093461014330387
2025-09-13T12:30:53.000Z,158,132.13999938964844,47.380131762474775,15.093174017965794
2025-09-13T12:30:58.000Z,160,153.5500030517578,47.38003528676927,15.092928176745772
2025-09-13T12:31:01.000Z,162,165.74000549316406,47.37997426651418,15.092793814837933
2025-09-13T12:31:05.000Z,164,188.1300048828125,47.37983353435993,15.092583177611232
2025-09-13T12:31:07.000Z,163,195.2899932861328,47.37979095429182,15.092512601986527
2025-09-13T12:31:12.000Z,163,213.36000061035156,47.37969556823373,15.092324176803231
2025-09-13T12:31:14.000Z,163,220.32000732421875,47.379705710336566,15.09223180823028
2025-09-13T12:31:15.000Z,164,224.5500030517578,47.379720294848084,15.09217950515449
2025-09-13T12:31:20.000Z,164,244.39999389648438,47.37982984632254,15.091977501288056
2025-09-13T12:31:24.000Z,165,260.989990234375,47.379944594576955,15.091831907629967
2025-09-13T12:31:28.000Z,166,281.2300109863281,47.380071664229035,15.09164004586637
2025-09-13T12:31:30.000Z,167,290.20001220703125,47.38011525012553,15.09153887629509
2025-09-13T12:31:36.000Z,168,313.239990234375,47.380259335041046,15.091317761689425
2025-09-13T12:31:38.000Z,168,321.0899963378906,47.38029764033854,15.091229500249028
2025-09-13T12:31:44.000Z,168,342.69000244140625,47.38041255623102,15.090996567159891
2025-09-13T12:31:46.000Z,168,348.739990234375,47.38045446574688,15.090942922979593
2025-09-13T12:31:51.000Z,168,370.82000732421875,47.38058748655021,15.090725244954228
2025-09-13T12:31:54.000Z,168,381.92999267578125,47.3806432262063,15.09060462936759
2025-09-13T12:31:59.000Z,169,401.6700134277344,47.38071598112583,15.090352669358253
2025-09-13T12:32:05.000Z,170,424.07000732421875,47.38080516457558,15.090086795389652
2025-09-13T12:32:07.000Z,170,430.44000244140625,47.380842212587595,15.090021332725883
2025-09-13T12:32:14.000Z,169,451.8800048828125,47.38092645071447,15.089770378544927
2025-09-13T12:32:16.000Z,169,457.45001220703125,47.380940448492765,15.089699216187
2025-09-13T12:32:23.000Z,169,479.9700012207031,47.3810491617769,15.089449686929584
2025-09-13T12:32:24.000Z,169,483.17999267578125,47.38106609322131,15.0894143152982
2025-09-13T12:32:30.000Z,169,504.1499938964844,47.381121665239334,15.089147184044123
2025-09-13T12:32:34.000Z,168,517.27001953125,47.381213111802936,15.089023718610406
2025-09-13T12:32:40.000Z,170,538.5800170898438,47.38133414648473,15.088804699480534
2025-09-13T12:32:45.000Z,169,554.5,47.38143011927605,15.088652400299907
2025-09-13T12:32:46.000Z,170,556.9500122070312,47.381438836455345,15.088622560724616
2025-09-13T12:32:51.000Z,170,573.0,47.381537072360516,15.088460622355342
2025-09-13T12:32:56.000Z,170,593.030029296875,47.38165416754782,15.088256020098925
2025-09-13T12:32:57.000Z,170,597.27001953125,47.38167855888605,15.088212015107274
2025-09-13T12:33:04.000Z,170,617.989990234375,47.38180940039456,15.088020488619804
2025-09-13T12:33:09.000Z,172,634.989990234375,47.38195792771876,15.087968856096268
2025-09-13T12:33:12.000Z,171,645.0,47.38203797489405,15.087909428402781
2025-09-13T12:33:13.000Z,171,647.8800048828125,47.38206144422293,15.087890485301614
2025-09-13T12:33:19.000Z,172,667.8099975585938,47.38224299624562,15.087916804477572
2025-09-13T12:33:23.000Z,172,680.5900268554688,47.382350116968155,15.087975896894932
2025-09-13T12:33:29.000Z,170,699.3800048828125,47.38250568509102,15.088072791695595
2025-09-13T12:33:34.000Z,173,719.8400268554688,47.382653625681996,15.088233640417457
2025-09-13T12:33:35.000Z,173,725.6400146484375,47.382692685350776,15.088285189121962
2025-09-13T12:33:41.000Z,172,746.8300170898438,47.382836267352104,15.088468249887228
2025-09-13T12:33:42.000Z,172,749.3900146484375,47.38285671919584,15.088484091684222
2025-09-13T12:33:47.000Z,172,766.3900146484375,47.38298060372472,15.088610155507922
2025-09-13T12:33:52.000Z,173,784.1400146484375,47.383119743317366,15.088734710589051
2025-09-13T12:33:58.000Z,172,805.1699829101562,47.38326642662287,15.08890955708921
2025-09-13T12:33:59.000Z,173,808.780029296875,47.383295847103,15.088933110237122
2025-09-13T12:34:03.000Z,175,827.3400268554688,47.383426018059254,15.08908691816032
2025-09-13T12:34:09.000Z,175,843.9199829101562,47.38349751569331,15.089279199019074
2025-09-13T12:34:10.000Z,176,845.6500244140625,47.38349852152169,15.089302500709891
2025-09-13T12:34:13.000Z,176,852.260009765625,47.38351050764322,15.089389001950622
2025-09-13T12:34:19.000Z,176,871.4600219726562,47.38362416625023,15.089582791551948
2025-09-13T12:34:24.000Z,175,893.27001953125,47.38378258422017,15.089755626395345
2025-09-13T12:34:25.000Z,176,897.3499755859375,47.383816028013825,15.089782113209367
2025-09-13T12:34:31.000Z,175,917.760009765625,47.38396916538477,15.08993667550385
2025-09-13T12:34:33.000Z,176,922.510009765625,47.38399263471365,15.089991157874465
2025-09-13T12:34:40.000Z,177,943.1199951171875,47.384129175916314,15.09017321281135
2025-09-13T12:34:47.000Z,179,965.1400146484375,47.38426672294736,15.09037940762937
2025-09-13T12:34:49.000Z,177,973.010009765625,47.384317768737674,15.090450150892138
2025-09-13T12:34:54.000Z,179,996.0800170898438,47.38449638709426,15.09060219861567
2025-09-13T12:34:55.000Z,179,1000.3699951171875,47.38453201018274,15.090624745935202
2025-09-13T12:34:56.000Z,178,1003.8900146484375,47.384560173377395,15.090645784512162
2025-09-13T12:34:56.000Z,178,1003.8900146484375,47.384560173377395,15.090645784512162
2025-09-13T12:34:59.000Z,178,1011.760009765625,47.38460795022547,15.090706972405314
2025-09-13T12:35:00.000Z,178,1013.8599853515625,47.38459227606654,15.090722478926182
2025-09-13T12:35:05.000Z,177,1034.5400390625,47.38441927358508,15.090822391211987
2025-09-13T12:35:12.000Z,179,1055.199951171875,47.38423738628626,15.090878466144204
2025-09-13T12:35:14.000Z,178,1062.5400390625,47.384171253070235,15.090884752571583
2025-09-13T12:35:19.000Z,181,1083.4000244140625,47.38399347290397,15.090970331802964
2025-09-13T12:35:20.000Z,179,1085.93994140625,47.38397494889796,15.090991454198956
2025-09-13T12:35:24.000Z,180,1099.1199951171875,47.38388140685856,15.091101424768567
2025-09-13T12:35:29.000Z,179,1115.8499755859375,47.383883418515325,15.09132488630712
2025-09-13T12:35:34.000Z,179,1131.1500244140625,47.38390730693936,15.091520017012954
2025-09-13T12:35:35.000Z,179,1134.0,47.38388559781015,15.09153988212347
2025-09-13T12:35:38.000Z,181,1143.1099853515625,47.38380504772067,15.09156234562397
2025-09-13T12:35:44.000Z,180,1164.010009765625,47.383620562031865,15.091614900156856
2025-09-13T12:35:50.000Z,179,1186.6099853515625,47.38343741744757,15.091741969808936
2025-09-13T12:35:56.000Z,179,1210.77001953125,47.383232144638896,15.091846156865358
2025-09-13T12:35:59.000Z,178,1221.72998046875,47.38314488902688,15.091922348365188
2025-09-13T12:36:04.000Z,180,1238.5999755859375,47.38300474360585,15.09200750850141
2025-09-13T12:36:10.000Z,180,1259.9000244140625,47.38282478414476,15.092104319483042
2025-09-13T12:36:15.000Z,178,1281.989990234375,47.382631581276655,15.09217455983162
2025-09-13T12:36:19.000Z,180,1293.4200439453125,47.38255404867232,15.092088226228952
2025-09-13T12:36:24.000Z,180,1308.530029296875,47.382525969296694,15.091894268989563
2025-09-13T12:36:31.000Z,179,1331.4100341796875,47.382458075881004,15.09160878136754
2025-09-13T12:36:32.000Z,179,1335.6300048828125,47.38244843669236,15.091554215177894
2025-09-13T12:36:38.000Z,178,1357.8900146484375,47.38239831291139,15.091269984841347
2025-09-13T12:36:40.000Z,179,1364.6199951171875,47.382376939058304,15.091187255457044
2025-09-13T12:36:47.000Z,179,1385.22998046875,47.38230887800455,15.0909339543432
2025-09-13T12:36:48.000Z,179,1387.6700439453125,47.382312482222915,15.090896403416991
2025-09-13T12:36:53.000Z,180,1408.18994140625,47.382242158055305,15.090645365417004
2025-09-13T12:36:58.000Z,180,1423.6400146484375,47.38217887468636,15.090468674898148
2025-09-13T12:37:02.000Z,180,1433.06005859375,47.3821007553488,15.09042777121067
2025-09-13T12:37:03.000Z,180,1436.3199462890625,47.382071167230606,15.090428944677114
2025-09-13T12:37:06.000Z,179,1445.1300048828125,47.38200042396784,15.09047906845808
2025-09-13T12:37:08.000Z,180,1451.699951171875,47.38194786943495,15.090522486716509
2025-09-13T12:37:14.000Z,180,1473.56005859375,47.38176506012678,15.090633295476437
2025-09-13T12:37:16.000Z,180,1482.5799560546875,47.38169364631176,15.09069507010281
2025-09-13T12:37:22.000Z,180,1501.1500244140625,47.38156121224165,15.090858349576592
2025-09-13T12:37:28.000Z,179,1522.93994140625,47.3813895508647,15.090992376208305
2025-09-13T12:37:29.000Z,179,1524.469970703125,47.38138888031244,15.09101408533752
2025-09-13T12:37:33.000Z,180,1536.0999755859375,47.381438836455345,15.091155739501119
2025-09-13T12:37:40.000Z,180,1558.5400390625,47.38153908401728,15.091422200202942
2025-09-13T12:37:42.000Z,181,1564.4599609375,47.38154419697821,15.0915003195405
2025-09-13T12:37:49.000Z,181,1586.6700439453125,47.381621059030294,15.091769462451339
2025-09-13T12:37:57.000Z,180,1609.3399658203125,47.38162801600993,15.092076240107417
2025-09-13T12:37:58.000Z,181,1613.4200439453125,47.381644612178206,15.092126531526446
2025-09-13T12:38:04.000Z,180,1632.260009765625,47.38169121555984,15.092364242300391
2025-09-13T12:38:10.000Z,178,1650.010009765625,47.381730023771524,15.092580243945122
2025-09-13T12:38:14.000Z,179,1661.9000244140625,47.38163656555116,15.092656686902046
2025-09-13T12:38:19.000Z,178,1682.43994140625,47.38147580064833,15.092817954719067
2025-09-13T12:38:20.000Z,179,1686.5899658203125,47.38144353032112,15.092847542837262
2025-09-13T12:38:24.000Z,179,1707.97998046875,47.38125544041395,15.092892721295357
2025-09-13T12:38:28.000Z,180,1732.0,47.38104329444468,15.09294024668634
2025-09-13T12:38:30.000Z,180,1737.510009765625,47.380997529253364,15.0929681584239
2025-09-13T12:38:35.000Z,180,1752.81005859375,47.38087372854352,15.093049881979823
2025-09-13T12:38:39.000Z,180,1763.739990234375,47.38084497861564,15.093179382383823
2025-09-13T12:38:43.000Z,181,1777.280029296875,47.38089610822499,15.093342158943415
2025-09-13T12:38:50.000Z,181,1799.1800537109375,47.381004905328155,15.093603422865272
2025-09-13T12:38:51.000Z,181,1803.2900390625,47.381029799580574,15.093645080924034
2025-09-13T12:38:57.000Z,182,1825.780029296875,47.38114580512047,15.093887904658914
2025-09-13T12:38:58.000Z,182,1829.6700439453125,47.38117136992514,15.093925120308995
2025-09-13T12:39:03.000Z,181,1843.1600341796875,47.38123398274183,15.094075659289956
2025-09-13T12:39:09.000Z,180,1863.8699951171875,47.38136130385101,15.094296019524336
2025-09-13T12:39:10.000Z,180,1867.0999755859375,47.38136985339224,15.094338431954384
2025-09-13T12:39:16.000Z,181,1885.8399658203125,47.38137639127672,15.094575053080916
2025-09-13T12:39:19.000Z,181,1895.9599609375,47.38129064440727,15.094611598178744
2025-09-13T12:39:24.000Z,182,1917.050048828125,47.38110741600394,15.094684353098273
2025-09-13T12:39:26.000Z,183,1925.1800537109375,47.38103977404535,15.094726514071226
2025-09-13T12:39:32.000Z,182,1945.6600341796875,47.38087238743901,15.094840172678232
2025-09-13T12:39:34.000Z,183,1952.1800537109375,47.3808160610497,15.094864647835493
2025-09-13T12:39:40.000Z,182,1975.219970703125,47.38062512129545,15.094983922317624
2025-09-13T12:39:42.000Z,181,1981.02001953125,47.38057533279061,15.095007559284568
2025-09-13T12:39:48.000Z,183,2001.4000244140625,47.3804016597569,15.095095569267869
2025-09-13T12:39:49.000Z,183,2003.97998046875,47.380376597866416,15.095092467963696
2025-09-13T12:39:49.000Z,183,2003.97998046875,47.380376597866416,15.095092467963696
2025-09-13T12:39:57.000Z,183,2027.300048828125,47.380173336714506,15.095152566209435
2025-09-13T12:39:58.000Z,182,2030.8299560546875,47.3801426589489,15.095140663906932
2025-09-13T12:40:00.000Z,183,2035.1600341796875,47.38012572750449,15.095086516812444
2025-09-13T12:40:02.000Z,183,2039.5799560546875,47.38012773916125,15.095028262585402
2025-09-13T12:40:06.000Z,184,2053.8798828125,47.380244163796306,15.094948383048177
2025-09-13T12:40:12.000Z,184,2077.8798828125,47.38044524565339,15.094831455498934
2025-09-13T12:40:15.000Z,185,2088.10009765625,47.380520179867744,15.09474721737206
2025-09-13T12:40:17.000Z,184,2093.35009765625,47.3805449064821,15.0946778152138
2025-09-13T12:40:19.000Z,185,2097.75,47.3805501870811,15.094618638977408
2025-09-13T12:40:25.000Z,185,2119.47998046875,47.38052688539028,15.094343461096287
2025-09-13T12:40:31.000Z,184,2142.919921875,47.38042906858027,15.094071133062243
2025-09-13T12:40:38.000Z,184,2165.469970703125,47.38038565032184,15.093781622126698
2025-09-13T12:40:39.000Z,184,2169.5400390625,47.3803704790771,15.093732671812177
2025-09-13T12:40:46.000Z,183,2191.510009765625,47.38027174025774,15.093480292707682
2025-09-13T12:40:47.000Z,183,2194.719970703125,47.38026428036392,15.093439305201173
2025-09-13T12:40:54.000Z,182,2217.989990234375,47.380188424140215,15.093151219189167
2025-09-13T12:41:00.000Z,183,2239.050048828125,47.3801149148494,15.092896912246943
2025-09-13T12:41:01.000Z,182,2242.52001953125,47.38009982742369,15.09285667911172
2025-09-13T12:41:06.000Z,181,2259.260009765625,47.38002061843872,15.09266858920455
2025-09-13T12:41:07.000Z,183,2263.77001953125,47.37999136559665,15.092627182602882
2025-09-13T12:41:11.000Z,183,2280.35009765625,47.37987737171352,15.092481086030602
2025-09-13T12:41:12.000Z,183,2283.3701171875,47.37985993735492,15.09244965389371
2025-09-13T12:41:18.000Z,182,2301.469970703125,47.3798471968621,15.092238346114755
2025-09-13T12:41:24.000Z,183,2322.47998046875,47.37997041083872,15.092024942860007
2025-09-13T12:41:30.000Z,183,2344.1201171875,47.380081387236714,15.091788321733475
2025-09-13T12:41:31.000Z,184,2347.830078125,47.3801061976701,15.091755464673042
2025-09-13T12:41:37.000Z,184,2369.47998046875,47.380217257887125,15.091527896001935
2025-09-13T12:41:38.000Z,183,2372.7099609375,47.38022446632385,15.09148514829576
2025-09-13T12:41:43.000Z,183,2390.830078125,47.38032102584839,15.091293873265386
2025-09-13T12:41:49.000Z,184,2407.7099609375,47.380376094952226,15.091069908812642
2025-09-13T12:41:56.000Z,184,2428.489990234375,47.380524538457394,15.090896235778928
2025-09-13T12:42:01.000Z,182,2443.97998046875,47.38060684874654,15.090738739818335
2025-09-13T12:42:08.000Z,183,2465.800048828125,47.380699468776584,15.090482756495476
2025-09-13T12:42:09.000Z,182,2468.97998046875,47.38071304745972,15.090445624664426
2025-09-13T12:42:15.000Z,184,2487.3701171875,47.38079644739628,15.090236328542233
2025-09-13T12:42:22.000Z,185,2509.840087890625,47.380872471258044,15.089959306642413
2025-09-13T12:42:29.000Z,183,2533.06005859375,47.38097690977156,15.089694438502192
2025-09-13T12:42:36.000Z,183,2555.429931640625,47.381073217839,15.089434934780002
2025-09-13T12:42:39.000Z,182,2564.429931640625,47.38110565580428,15.089325215667486
2025-09-13T12:42:46.000Z,182,2584.919921875,47.38118746317923,15.089081637561321
2025-09-13T12:42:51.000Z,181,2599.780029296875,47.38126616925001,15.088923051953316
2025-09-13T12:42:57.000Z,182,2620.9599609375,47.38135417923331,15.08865206502378
2025-09-13T12:42:58.000Z,181,2624.080078125,47.38137228414416,15.088620465248823
2025-09-13T12:43:05.000Z,183,2644.2099609375,47.3814931511879,15.08842240087688
2025-09-13T12:43:11.000Z,181,2664.409912109375,47.38159934990108,15.088204890489578
2025-09-13T12:43:14.000Z,182,2672.909912109375,47.381649473682046,15.088119227439165
2025-09-13T12:43:20.000Z,182,2695.340087890625,47.381819458678365,15.0879689399153
2025-09-13T12:43:21.000Z,181,2697.760009765625,47.381842425093055,15.08797137066722
2025-09-13T12:43:28.000Z,182,2718.110107421875,47.38202062435448,15.087928958237171
2025-09-13T12:43:36.000Z,180,2739.300048828125,47.382210306823254,15.087931137531996
2025-09-13T12:43:37.000Z,181,2740.75,47.38222321495414,15.087932897731662
2025-09-13T12:43:43.000Z,181,2756.330078125,47.38235590048134,15.087995091453195
2025-09-13T12:43:49.000Z,182,2775.0,47.38250073976815,15.088120233267546
2025-09-13T12:43:55.000Z,183,2795.889892578125,47.38265815190971,15.088272113353014
2025-09-13T12:43:57.000Z,182,2803.39990234375,47.38271590322256,15.088323997333646
2025-09-13T12:44:03.000Z,182,2821.580078125,47.38287549465895,15.088383760303259
2025-09-13T12:44:08.000Z,182,2839.5400390625,47.382994098588824,15.088549638167024
2025-09-13T12:44:14.000Z,182,2860.2900390625,47.38314673304558,15.088707050308585
2025-09-13T12:44:21.000Z,181,2883.3798828125,47.3833077494055,15.088901091367006
2025-09-13T12:44:22.000Z,180,2888.050048828125,47.38333943299949,15.088941575959325
2025-09-13T12:44:29.000Z,182,2912.050048828125,47.383486116304994,15.089176604524255
2025-09-13T12:44:30.000Z,181,2915.489990234375,47.38350564613938,15.089211976155639
2025-09-13T12:44:36.000Z,182,2937.739990234375,47.383635146543384,15.089435437694192
2025-09-13T12:44:37.000Z,182,2940.1298828125,47.38365115597844,15.089456643909216
2025-09-13T12:44:44.000Z,184,2955.199951171875,47.38373212516308,15.089616486802697
2025-09-13T12:44:50.000Z,184,2976.72998046875,47.3838897049427,15.089778508991003
2025-09-13T12:44:52.000Z,184,2982.739990234375,47.3839243222028,15.08984045125544
2025-09-13T12:44:59.000Z,185,2998.239990234375,47.384006129577756,15.090007586404681
2025-09-13T12:45:00.000Z,185,3000.949951171875,47.38402339629829,15.090033067390323
2025-09-13T12:45:04.000Z,186,3011.590087890625,47.384100845083594,15.090115629136562
2025-09-13T12:45:12.000Z,186,3034.97998046875,47.38427032716572,15.09029827080667
2025-09-13T12:45:13.000Z,185,3039.06005859375,47.384301172569394,15.090327356010675
2025-09-13T12:45:18.000Z,186,3053.030029296875,47.3844063654542,15.090428609400988
2025-09-13T12:45:23.000Z,185,3071.52001953125,47.384536704048514,15.090581411495805
2025-09-13T12:45:26.000Z,186,3078.8701171875,47.384598311036825,15.09062172845006
2025-09-13T12:45:27.000Z,185,3081.6201171875,47.38460820168257,15.090655591338873
2025-09-13T12:45:28.000Z,185,3084.719970703125,47.384590515866876,15.090689118951559
2025-09-13T12:45:30.000Z,184,3091.5,47.384534273296595,15.090730106458068
2025-09-13T12:45:36.000Z,184,3112.81005859375,47.384357918053865,15.090838987380266
2025-09-13T12:45:42.000Z,186,3133.0400390625,47.38418826833367,15.090934541076422
2025-09-13T12:45:44.000Z,185,3137.800048828125,47.38414610736072,15.090946275740862
2025-09-13T12:45:50.000Z,184,3156.199951171875,47.38398961722851,15.091024478897452
2025-09-13T12:45:55.000Z,185,3167.949951171875,47.383908815681934,15.09108834899962
2025-09-13T12:45:56.000Z,184,3169.8798828125,47.38391493447125,15.091120870783925
2025-09-13T12:46:02.000Z,184,3192.5400390625,47.38393153063953,15.09141968563199
2025-09-13T12:46:05.000Z,184,3204.030029296875,47.38394225947559,15.09156821295619
2025-09-13T12:46:07.000Z,184,3208.9599609375,47.38392222672701,15.09162395261228
2025-09-13T12:46:13.000Z,184,3232.7900390625,47.38371066749096,15.091689079999924
2025-09-13T12:46:20.000Z,183,3254.64990234375,47.38351964391768,15.091754291206598
2025-09-13T12:46:22.000Z,183,3260.35009765625,47.38347136415541,15.091780526563525
2025-09-13T12:46:29.000Z,184,3283.1201171875,47.38326910883188,15.091843390837312
2025-09-13T12:46:30.000Z,183,3285.7900390625,47.38324790261686,15.091860322281718
2025-09-13T12:46:37.000Z,184,3307.300048828125,47.38307012245059,15.091965179890394
2025-09-13T12:46:39.000Z,184,3311.159912109375,47.38303801976144,15.091985296458006
2025-09-13T12:46:47.000Z,184,3332.530029296875,47.38285604864359,15.092068277299404
2025-09-13T12:46:52.000Z,185,3347.830078125,47.382727637887,15.092141702771187
2025-09-13T12:46:56.000Z,182,3360.320068359375,47.382620265707374,15.092139355838299
2025-09-13T12:46:57.000Z,183,3362.64990234375,47.382611967623234,15.092108510434628
2025-09-13T12:47:03.000Z,182,3385.260009765625,47.38253359682858,15.091834841296077
2025-09-13T12:47:09.000Z,184,3404.659912109375,47.382509959861636,15.091582965105772
2025-09-13T12:47:16.000Z,183,3426.5400390625,47.382455142214894,15.091308876872063
2025-09-13T12:47:22.000Z,184,3447.419921875,47.382380375638604,15.091069908812642
2025-09-13T12:47:24.000Z,183,3452.780029296875,47.38236939534545,15.090999584645033
2025-09-13T12:47:31.000Z,184,3475.159912109375,47.38229119218886,15.090725412592292
2025-09-13T12:47:38.000Z,184,3496.820068359375,47.382213324308395,15.09046339429915
2025-09-13T12:47:40.000Z,184,3501.840087890625,47.382169989869,15.090437829494476
2025-09-13T12:47:46.000Z,184,3516.010009765625,47.382041243836284,15.09043707512319
2025-09-13T12:47:54.000Z,182,3536.68994140625,47.38186287693679,15.09051963686943
2025-09-13T12:48:00.000Z,182,3559.27001953125,47.381690461188555,15.090682581067085
2025-09-13T12:48:02.000Z,182,3566.320068359375,47.38163463771343,15.090726837515831
2025-09-13T12:48:07.000Z,183,3588.1201171875,47.38145467825234,15.09084695018828
2025-09-13T12:48:08.000Z,183,3591.77001953125,47.381424671038985,15.0908665638417
2025-09-13T12:48:12.000Z,183,3601.030029296875,47.38137806765735,15.090966392308474
2025-09-13T12:48:13.000Z,185,3603.429931640625,47.3813842702657,15.090997237712145
2025-09-13T12:48:20.000Z,185,3624.22998046875,47.38146750256419,15.091247772797942
2025-09-13T12:48:22.000Z,184,3630.06005859375,47.38149248063564,15.09131709113717
2025-09-13T12:48:29.000Z,184,3652.1201171875,47.38157847896218,15.091582126915455
2025-09-13T12:48:31.000Z,183,3659.919921875,47.38160856999457,15.091675836592913
2025-09-13T12:48:37.000Z,184,3676.300048828125,47.38166883587837,15.091871889308095
2025-09-13T12:48:44.000Z,183,3695.080078125,47.38172055222094,15.092109767720103
2025-09-13T12:48:50.000Z,182,3711.090087890625,47.38172046840191,15.092330127954483
2025-09-13T12:48:57.000Z,182,3732.050048828125,47.3817519005388,15.092605222016573
2025-09-13T12:48:58.000Z,181,3733.81005859375,47.381742261350155,15.092623829841614
2025-09-13T12:49:01.000Z,182,3742.43994140625,47.38166715949774,15.092652328312397
2025-09-13T12:49:07.000Z,182,3763.080078125,47.381500443443656,15.092790210619569
2025-09-13T12:49:12.000Z,183,3780.6201171875,47.381344456225634,15.09284695610404
2025-09-13T12:49:18.000Z,183,3797.75,47.38119802437723,15.092901270836592
2025-09-13T12:49:20.000Z,183,3800.43994140625,47.38117765635252,15.092919962480664
2025-09-13T12:49:22.000Z,184,3802.9599609375,47.38115502521396,15.09291728027165
2025-09-13T12:49:26.000Z,184,3809.639892578125,47.38110012374818,15.092936223372817
2025-09-13T12:49:27.000Z,184,3811.77001953125,47.38108872435987,15.092958938330412
2025-09-13T12:49:32.000Z,182,3824.669921875,47.38106190226972,15.093124145641923
2025-09-13T12:49:36.000Z,182,3835.389892578125,47.3810697812587,15.093264123424888
2025-09-13T12:49:37.000Z,182,3838.2099609375,47.38107900135219,15.093299075961113
2025-09-13T12:49:43.000Z,182,3855.10009765625,47.38109475933015,15.093524800613523
2025-09-13T12:49:45.000Z,182,3861.31005859375,47.38111026585102,15.09359898045659
2025-09-13T12:49:47.000Z,182,3867.719970703125,47.381130466237664,15.093678524717689
2025-09-13T12:49:54.000Z,183,3888.27001953125,47.38121277652681,15.093920677900314
2025-09-13T12:50:01.000Z,182,3908.02001953125,47.38126918673515,15.094166686758399
2025-09-13T12:50:08.000Z,181,3930.610107421875,47.38133339211345,15.0944481510669
2025-09-13T12:50:09.000Z,181,3933.39990234375,47.38134051673114,15.094484025612473
2025-09-13T12:50:12.000Z,182,3939.35009765625,47.381343031302094,15.094560720026493
2025-09-13T12:50:14.000Z,182,3944.409912109375,47.38129869103432,15.09457672946155
2025-09-13T12:50:19.000Z,185,3958.7099609375,47.3811752256006,15.094628864899278
2025-09-13T12:50:25.000Z,184,3979.52001953125,47.380999037995934,15.094719054177403
2025-09-13T12:50:28.000Z,184,3992.3798828125,47.3808921687305,15.09478535503149
2025-09-13T12:50:30.000Z,185,4000.510009765625,47.38082192838192,15.094814440235496
2025-09-13T12:50:35.000Z,185,4017.239990234375,47.380676502361894,15.094870263710618
2025-09-13T12:50:41.000Z,185,4032.0400390625,47.38054943270981,15.09492659009993
2025-09-13T12:50:47.000Z,185,4046.5400390625,47.3804428987205,15.095059191808105
2025-09-13T12:50:54.000Z,185,4067.169921875,47.38026914186776,15.095148626714945
2025-09-13T12:50:55.000Z,185,4070.1201171875,47.3802425712347,15.095154661685228
2025-09-13T12:50:58.000Z,185,4079.580078125,47.38016269169748,15.095119792968035
2025-09-13T12:51:00.000Z,185,4085.719970703125,47.380135199055076,15.095044607296586
2025-09-13T12:51:03.000Z,185,4090.64990234375,47.380169816315174,15.094970343634486
2025-09-13T12:51:04.000Z,186,4094.31005859375,47.38020041026175,15.094949472695589
2025-09-13T12:51:07.000Z,186,4105.06005859375,47.38029185682535,15.094901695847511
2025-09-13T12:51:08.000Z,185,4108.2001953125,47.380318427458405,15.094887027516961
2025-09-13T12:51:15.000Z,186,4129.669921875,47.380487909540534,15.094742774963379
2025-09-13T12:51:20.000Z,186,4141.47998046875,47.3805345967412,15.094598773866892
2025-09-13T12:51:25.000Z,185,4157.43017578125,47.38052370026708,15.094386963173747
2025-09-13T12:51:30.000Z,185,4177.9599609375,47.38046343438327,15.094132656231523
2025-09-13T12:51:32.000Z,185,4183.77001953125,47.380447844043374,15.094061410054564
2025-09-13T12:51:38.000Z,186,4204.8798828125,47.3803826328367,15.093802073970437
2025-09-13T12:51:45.000Z,184,4225.47021484375,47.38028548657894,15.09357349947095
2025-09-13T12:51:46.000Z,184,4229.02978515625,47.380274422466755,15.093529243022203
2025-09-13T12:51:53.000Z,185,4248.47021484375,47.38023854792118,15.093276696279645
2025-09-13T12:52:00.000Z,184,4268.8701171875,47.38016537390649,15.093031106516719
2025-09-13T12:52:06.000Z,185,4287.02001953125,47.380096055567265,15.092817954719067
2025-09-13T12:52:07.000Z,186,4289.56982421875,47.380090188235044,15.092785181477666
2025-09-13T12:52:11.000Z,184,4300.25,47.38004299812019,15.092660961672664
2025-09-13T12:52:18.000Z,184,4321.27001953125,47.379933865740895,15.092436075210571
2025-09-13T12:52:20.000Z,183,4327.91015625,47.37989732064307,15.092365583404899
2025-09-13T12:52:23.000Z,183,4336.72021484375,47.37985339947045,15.092268101871014
2025-09-13T12:52:24.000Z,183,4338.47998046875,47.37985901534557,15.092243123799562
2025-09-13T12:52:30.000Z,183,4359.0400390625,47.379991533234715,15.092052016407251
2025-09-13T12:52:31.000Z,183,4362.7900390625,47.380014918744564,15.092015890404582
2025-09-13T12:52:37.000Z,183,4385.85986328125,47.38014366477728,15.091773569583893
2025-09-13T12:52:41.000Z,185,4399.10986328125,47.380213821306825,15.091631077229977
2025-09-13T12:52:47.000Z,185,4418.08984375,47.380325300619006,15.091443322598934
2025-09-13T12:52:53.000Z,185,4437.3798828125,47.38039436750114,15.09119387716055
2025-09-13T12:52:59.000Z,185,4455.330078125,47.38043149933219,15.090949879959226
2025-09-13T12:53:00.000Z,185,4457.6298828125,47.380445497110486,15.090924566611648
2025-09-13T12:53:03.000Z,186,4466.64990234375,47.380487490445375,15.09081719443202
2025-09-13T12:53:08.000Z,183,4481.27978515625,47.38051548600197,15.090609239414334
2025-09-13T12:53:11.000Z,183,4490.52978515625,47.38055664114654,15.090502621605992
2025-09-13T12:53:16.000Z,184,4506.009765625,47.38061833195388,15.090319896116853
2025-09-13T12:53:23.000Z,184,4525.080078125,47.38070676103234,15.09010179899633
2025-09-13T12:53:30.000Z,184,4544.3798828125,47.380795357748866,15.08988437242806
2025-09-13T12:53:38.000Z,184,4565.93017578125,47.38091731444001,15.089665269479156
2025-09-13T12:53:45.000Z,185,4585.169921875,47.38101731054485,15.089456727728248
2025-09-13T12:53:53.000Z,184,4606.06005859375,47.3811218328774,15.089225973933935
2025-09-13T12:53:59.000Z,184,4623.7998046875,47.38117673434317,15.089004607871175
2025-09-13T12:54:04.000Z,183,4637.81005859375,47.381245885044336,15.088839149102569
2025-09-13T12:54:11.000Z,183,4657.35986328125,47.3813805822283,15.088680144399405
2025-09-13T12:54:18.000Z,183,4678.66015625,47.38151729106903,15.088475625962019
2025-09-13T12:54:24.000Z,184,4696.6298828125,47.38161309622228,15.088263563811779
2025-09-13T12:54:29.000Z,181,4713.02978515625,47.38171476870775,15.08809994906187
2025-09-13T12:54:30.000Z,182,4716.66015625,47.381743183359504,15.0880759768188
2025-09-13T12:54:38.000Z,183,4738.7900390625,47.381900092586875,15.087884617969394
2025-09-13T12:54:45.000Z,185,4760.06982421875,47.38209689967334,15.08787808008492
2025-09-13T12:54:53.000Z,185,4781.31982421875,47.38228398375213,15.087924180552363
2025-09-13T12:54:54.000Z,185,4785.27001953125,47.38231549970806,15.08795385248959
2025-09-13T12:54:59.000Z,185,4806.18994140625,47.38248816691339,15.088069019839168
2025-09-13T12:55:00.000Z,185,4808.14990234375,47.38250367343426,15.088081927970052
2025-09-13T12:55:07.000Z,184,4822.64990234375,47.38262655213475,15.088153844699264
2025-09-13T12:55:14.000Z,183,4845.18017578125,47.38279905170202,15.088308993726969
2025-09-13T12:55:19.000Z,183,4859.64990234375,47.38289720378816,15.08843757212162
2025-09-13T12:55:25.000Z,184,4874.22021484375,47.38302377052605,15.088515356183052
2025-09-13T12:55:31.000Z,183,4891.259765625,47.38314153626561,15.088660530745983
2025-09-13T12:55:37.000Z,182,4912.080078125,47.38329140469432,15.088824899867177
2025-09-13T12:55:38.000Z,183,4914.18017578125,47.38330079242587,15.088852224871516
2025-09-13T12:55:46.000Z,182,4934.39013671875,47.383410930633545,15.089068980887532
2025-09-13T12:55:47.000Z,183,4936.2001953125,47.38342157565057,15.089087085798383
2025-09-13T12:55:54.000Z,183,4956.91015625,47.383522409945726,15.089317839592695
2025-09-13T12:55:55.000Z,184,4959.1298828125,47.38353473134339,15.089341141283512
2025-09-13T12:56:01.000Z,183,4978.2001953125,47.38366674631834,15.089500732719898
2025-09-13T12:56:08.000Z,185,4999.64990234375,47.38380974158645,15.089690079912543
2025-09-13T12:56:09.000Z,185,5002.0400390625,47.38382172770798,15.089716399088502
2025-09-13T12:56:14.000Z,185,5014.2998046875,47.38389800302684,15.089833410456777
2025-09-13T12:56:22.000Z,186,5033.5498046875,47.3840073030442,15.090029379352927
2025-09-13T12:56:28.000Z,187,5056.1201171875,47.38416622392833,15.090214367955923
2025-09-13T12:56:29.000Z,188,5058.47021484375,47.3841835744679,15.090232389047742
2025-09-13T12:56:36.000Z,188,5074.93017578125,47.384287510067225,15.090378066524863
2025-09-13T12:56:44.000Z,187,5097.08984375,47.38446554169059,15.090508321300149
2025-09-13T12:56:46.000Z,188,5102.60986328125,47.384508876129985,15.090543273836374
2025-09-13T12:56:51.000Z,187,5116.97998046875,47.38460677675903,15.090665062889457
2025-09-13T12:56:52.000Z,186,5120.52001953125,47.38458649255335,15.090701775625348
2025-09-13T12:56:57.000Z,187,5135.56982421875,47.38447383977473,15.090805375948548
2025-09-13T12:57:04.000Z,187,5158.47021484375,47.384276278316975,15.0908924639225
2025-09-13T12:57:07.000Z,187,5168.330078125,47.38419380038977,15.090940156951547
2025-09-13T12:57:14.000Z,187,5188.47021484375,47.38402163609862,15.091015426442027
2025-09-13T12:57:16.000Z,188,5194.740234375,47.383976290002465,15.091064712032676
2025-09-13T12:57:23.000Z,187,5214.85009765625,47.383880065754056,15.091291693970561
2025-09-13T12:57:24.000Z,188,5217.8798828125,47.383891716599464,15.091331424191594
2025-09-13T12:57:27.000Z,187,5227.25,47.38393169827759,15.091441730037332
2025-09-13T12:57:31.000Z,187,5233.68994140625,47.38394536077976,15.091520100831985
2025-09-13T12:57:34.000Z,187,5241.9501953125,47.383862463757396,15.091547258198261
2025-09-13T12:57:39.000Z,188,5257.27001953125,47.38373908214271,15.091638704761863
2025-09-13T12:57:45.000Z,187,5275.72998046875,47.38358083181083,15.091708358377218
2025-09-13T12:57:50.000Z,187,5298.89990234375,47.38338268361986,15.09180374443531
2025-09-13T12:57:53.000Z,187,5308.0498046875,47.38330204971135,15.091827549040318
2025-09-13T12:58:00.000Z,187,5329.4599609375,47.38311890512705,15.091934334486723
2025-09-13T12:58:01.000Z,188,5333.8798828125,47.3830799292773,15.091945985332131
2025-09-13T12:58:06.000Z,187,5352.5498046875,47.382919332012534,15.092022847384214
2025-09-13T12:58:13.000Z,188,5373.39013671875,47.38273987546563,15.09209937416017
2025-09-13T12:58:15.000Z,188,5379.5498046875,47.38269972614944,15.092166597023606
2025-09-13T12:58:20.000Z,189,5396.2900390625,47.38256670534611,15.092122508212924
2025-09-13T12:58:26.000Z,188,5416.669921875,47.38249252550304,15.091870045289397
2025-09-13T12:58:32.000Z,189,5434.47021484375,47.38245883025229,15.09163811802864
2025-09-13T12:58:39.000Z,187,5457.4599609375,47.382414070889354,15.091340141370893
2025-09-13T12:58:40.000Z,186,5461.06982421875,47.38240325823426,15.091294879093766
2025-09-13T12:58:44.000Z,189,5472.52978515625,47.38236880861223,15.09115238673985
2025-09-13T12:58:47.000Z,188,5481.72998046875,47.382331509143114,15.091043086722493
2025-09-13T12:58:54.000Z,189,5501.58984375,47.382244588807225,15.090815769508481
2025-09-13T12:58:58.000Z,187,5509.64990234375,47.38223411142826,15.090710492804646
2025-09-13T12:59:05.000Z,188,5530.0498046875,47.3821491189301,15.09047512896359
2025-09-13T12:59:11.000Z,189,5542.33984375,47.38204744644463,15.090505136176944
2025-09-13T12:59:17.000Z,189,5553.66015625,47.381964633241296,15.090577220544219
2025-09-13T12:59:19.000Z,188,5556.2900390625,47.381949964910746,15.090603455901146
2025-09-13T12:59:21.000Z,187,5563.0498046875,47.381893303245306,15.090635642409325
2025-09-13T12:59:27.000Z,187,5586.75,47.381698256358504,15.090761370956898
2025-09-13T12:59:29.000Z,186,5597.580078125,47.38160655833781,15.090810153633356
2025-09-13T12:59:34.000Z,187,5617.990234375,47.38144000992179,15.090931775048375
2025-09-13T12:59:39.000Z,187,5631.81005859375,47.381334314122796,15.091013833880424
2025-09-13T12:59:43.000Z,188,5642.31005859375,47.38140061497688,15.091139394789934
2025-09-13T12:59:50.000Z,188,5662.93017578125,47.38148929551244,15.091383559629321
2025-09-13T12:59:52.000Z,188,5668.72021484375,47.38151393830776,15.0914519559592
2025-09-13T12:59:59.000Z,187,5689.1298828125,47.381602535024285,15.091689750552177
2025-09-13T13:00:03.000Z,186,5700.81982421875,47.38159012980759,15.091838613152504
2025-09-13T13:00:04.000Z,186,5703.89013671875,47.381605468690395,15.091872978955507
2025-09-13T13:00:12.000Z,188,5726.490234375,47.381675876677036,15.092152263969183
2025-09-13T13:00:19.000Z,188,5745.330078125,47.381724240258336,15.092390142381191
2025-09-13T13:00:25.000Z,187,5762.77978515625,47.38172532990575,15.09260362945497
2025-09-13T13:00:30.000Z,187,5778.72998046875,47.381586944684386,15.092663057148457
2025-09-13T13:00:36.000Z,187,5801.0,47.381406063213944,15.092793563380837
2025-09-13T13:00:41.000Z,188,5817.72998046875,47.38125988282263,15.092831868678331
2025-09-13T13:00:42.000Z,189,5820.47998046875,47.38123322837055,15.092831617221236
2025-09-13T13:00:46.000Z,189,5832.39990234375,47.38113943487406,15.092878974974155
2025-09-13T13:00:47.000Z,189,5835.60009765625,47.38111252896488,15.092863803729415
2025-09-13T13:00:50.000Z,188,5841.89990234375,47.38106173463166,15.092884255573153
2025-09-13T13:00:51.000Z,187,5844.259765625,47.38104488700628,15.092903282493353
2025-09-13T13:00:52.000Z,187,5847.97998046875,47.38101404160261,15.092922393232584
2025-09-13T13:00:54.000Z,187,5853.7001953125,47.38097640685737,15.092971930280328
2025-09-13T13:00:55.000Z,188,5856.490234375,47.380980011075735,15.093009900301695
2025-09-13T13:01:00.000Z,187,5872.56005859375,47.381047485396266,15.093194721266627
2025-09-13T13:01:03.000Z,186,5881.85009765625,47.38108294084668,15.09330477565527
2025-09-13T13:01:05.000Z,187,5888.7900390625,47.381122754886746,15.093375099822879
2025-09-13T13:01:11.000Z,186,5905.35009765625,47.381178326904774,15.093584731221199
2025-09-13T13:01:17.000Z,186,5923.259765625,47.38124253228307,15.093802828341722
2025-09-13T13:01:24.000Z,187,5944.43017578125,47.38131118007004,15.094064259901643
2025-09-13T13:01:31.000Z,188,5967.990234375,47.38134529441595,15.094377659261227
2025-09-13T13:01:37.000Z,189,5984.35986328125,47.38136298023164,15.094596510753036
2025-09-13T13:01:38.000Z,188,5986.58984375,47.381336241960526,15.094609586521983
2025-09-13T13:01:41.000Z,189,5997.08984375,47.381260469555855,15.094688292592764
2025-09-13T13:01:42.000Z,189,6001.02978515625,47.38122618757188,15.094703044742346
2025-09-13T13:01:46.000Z,190,6015.47021484375,47.38109945319593,15.094748642295599
2025-09-13T13:01:52.000Z,188,6036.97998046875,47.38091002218425,15.094808572903275
2025-09-13T13:01:57.000Z,188,6053.22021484375,47.38077021203935,15.094870766624808
2025-09-13T13:02:04.000Z,187,6076.35986328125,47.38056887872517,15.094940587878227
2025-09-13T13:02:08.000Z,189,6086.8701171875,47.38047843798995,15.0949817430228
2025-09-13T13:02:15.000Z,189,6106.06982421875,47.380321780219674,15.095088360831141
2025-09-13T13:02:20.000Z,189,6120.2001953125,47.38020434975624,15.0951596070081
2025-09-13T13:02:22.000Z,189,6125.41015625,47.38016034476459,15.095185674726963
2025-09-13T13:02:26.000Z,189,6139.10009765625,47.380052050575614,15.095139406621456
2025-09-13T13:02:28.000Z,190,6145.4501953125,47.38003654405475,15.095056425780058
2025-09-13T13:02:30.000Z,189,6151.43017578125,47.38006370142102,15.09499054402113
2025-09-13T13:02:37.000Z,189,6172.93017578125,47.38023946993053,15.094875125214458
2025-09-13T13:02:38.000Z,189,6176.2001953125,47.38026394508779,15.094851236790419
2025-09-13T13:02:44.000Z,190,6197.3798828125,47.38041691482067,15.094683850184083
2025-09-13T13:02:49.000Z,191,6211.81005859375,47.38050534389913,15.0945483148098
2025-09-13T13:02:50.000Z,191,6214.2900390625,47.380516240373254,15.094515457749367
2025-09-13T13:02:55.000Z,191,6232.02001953125,47.38045773468912,15.094298031181097
2025-09-13T13:03:01.000Z,192,6252.2099609375,47.38042462617159,15.094034923240542
2025-09-13T13:03:08.000Z,191,6271.3701171875,47.38040015101433,15.093778353184462
2025-09-13T13:03:14.000Z,192,6286.22998046875,47.38031817600131,15.093627478927374
2025-09-13T13:03:21.000Z,190,6307.240234375,47.380242152139544,15.093370070680976
2025-09-13T13:03:29.000Z,189,6326.7998046875,47.38017400726676,15.093134455382824
2025-09-13T13:03:32.000Z,189,6336.419921875,47.38013536669314,15.093024987727404
2025-09-13T13:03:35.000Z,189,6345.2998046875,47.380105862393975,15.092916609719396
2025-09-13T13:03:38.000Z,188,6355.52001953125,47.380066299811006,15.092794736847281
2025-09-13T13:03:39.000Z,187,6359.10986328125,47.38004174083471,15.092762801796198
2025-09-13T13:03:42.000Z,188,6366.2001953125,47.3800253123045,15.09267596527934
2025-09-13T13:03:43.000Z,187,6368.0,47.38003185018897,15.092654088512063
2025-09-13T13:03:46.000Z,187,6382.25,47.379992036148906,15.092512601986527
2025-09-13T13:03:47.000Z,188,6385.2900390625,47.379981223493814,15.092475302517414
2025-09-13T13:03:51.000Z,188,6397.77978515625,47.37989648245275,15.092367511242628
2025-09-13T13:03:55.000Z,187,6411.06982421875,47.37981475889683,15.09224253706634
2025-09-13T13:03:56.000Z,188,6413.259765625,47.37982716411352,15.092218983918428
2025-09-13T13:04:01.000Z,187,6427.10986328125,47.37991450354457,15.092087388038635
2025-09-13T13:04:08.000Z,188,6448.39990234375,47.38003486767411,15.091870715841651
2025-09-13T13:04:10.000Z,188,6455.2099609375,47.38007769919932,15.091807013377547
2025-09-13T13:04:16.000Z,189,6474.169921875,47.3801873344928,15.09162051603198
2025-09-13T13:04:22.000Z,189,6495.27978515625,47.380311051383615,15.091408286243677
2025-09-13T13:04:23.000Z,189,6498.60009765625,47.38032781518996,15.091370902955532
2025-09-13T13:04:28.000Z,189,6510.33984375,47.38034365698695,15.091169904917479
2025-09-13T13:04:35.000Z,188,6532.18017578125,47.38036838360131,15.090876873582602
2025-09-13T13:04:41.000Z,188,6552.16015625,47.38045220263302,15.090643521398306
2025-09-13T13:04:47.000Z,189,6569.27978515625,47.38055429421365,15.090474542230368
2025-09-13T13:04:53.000Z,189,6587.080078125,47.38065051846206,15.090288128703833
2025-09-13T13:04:59.000Z,188,6604.85009765625,47.38072578795254,15.0900808442384
2025-09-13T13:05:07.000Z,189,6624.4599609375,47.3808282148093,15.089864674955606
2025-09-13T13:05:13.000Z,188,6641.4501953125,47.38091563805938,15.089683206751943
2025-09-13T13:05:20.000Z,189,6662.4599609375,47.38103239797056,15.089459661394358
2025-09-13T13:05:27.000Z,189,6684.14013671875,47.38113775849342,15.089217508211732
2025-09-13T13:05:29.000Z,188,6689.0400390625,47.38115326501429,15.089155482128263
2025-09-13T13:05:36.000Z,187,6707.27001953125,47.3812320549041,15.088945934548974
2025-09-13T13:05:42.000Z,187,6723.77001953125,47.38134420476854,15.088795060291886
2025-09-13T13:05:48.000Z,187,6742.77001953125,47.3814136069268,15.08855047635734
2025-09-13T13:05:55.000Z,187,6762.8798828125,47.38151326775551,15.088332211598754
2025-09-13T13:06:03.000Z,187,6782.16015625,47.38161728717387,15.088126603513956
2025-09-13T13:06:10.000Z,187,6803.47021484375,47.3817849252373,15.087993834167719
2025-09-13T13:06:11.000Z,188,6806.39013671875,47.38180587999523,15.08796843700111
2025-09-13T13:06:18.000Z,186,6826.47998046875,47.38197645172477,15.08788495324552
2025-09-13T13:06:20.000Z,186,6832.31982421875,47.38202900625765,15.087877660989761
2025-09-13T13:06:25.000Z,186,6844.4501953125,47.3821369651705,15.08789710700512
2025-09-13T13:06:33.000Z,186,6867.41015625,47.38233720883727,15.087974388152361
2025-09-13T13:06:39.000Z,188,6888.64990234375,47.382500655949116,15.088118724524975
2025-09-13T13:06:44.000Z,188,6901.77001953125,47.38260358572006,15.088207321241498
2025-09-13T13:06:50.000Z,188,6924.02001953125,47.38278228789568,15.088341431692243
2025-09-13T13:06:51.000Z,188,6926.25,47.38279410637915,15.088366409763694
2025-09-13T13:06:58.000Z,189,6941.830078125,47.38291312940419,15.088472608476877
2025-09-13T13:07:04.000Z,188,6960.259765625,47.38305947743356,15.088586686179042
2025-09-13T13:07:09.000Z,188,6974.56982421875,47.38314840942621,15.08872339501977
2025-09-13T13:07:14.000Z,189,6997.330078125,47.38330716267228,15.08891249075532
2025-09-13T13:07:15.000Z,188,7001.080078125,47.38333641551435,15.08893788792193
2025-09-13T13:07:19.000Z,189,7013.27001953125,47.38342325203121,15.089036542922258
2025-09-13T13:07:27.000Z,190,7030.58984375,47.38350925035775,15.089234188199043
2025-09-13T13:07:35.000Z,192,7053.85009765625,47.383654257282615,15.08945681154728
2025-09-13T13:07:42.000Z,191,7071.4501953125,47.38376263529062,15.089628221467137
2025-09-13T13:07:48.000Z,192,7085.2001953125,47.383840000256896,15.08977197110653
2025-09-13T13:07:54.000Z,192,7105.9599609375,47.38398383371532,15.089946314692497
2025-09-13T13:07:56.000Z,190,7111.0400390625,47.384013840928674,15.089998617768288
2025-09-13T13:08:01.000Z,193,7121.83984375,47.38407662138343,15.09011009708047
2025-09-13T13:08:04.000Z,192,7135.06982421875,47.38417871296406,15.090204561129212
2025-09-13T13:08:10.000Z,192,7156.9599609375,47.38434534519911,15.090361470356584
2025-09-13T13:08:11.000Z,191,7161.10009765625,47.38437660969794,15.090391309931874
2025-09-13T13:08:19.000Z,192,7182.89990234375,47.3845287412405,15.090572275221348
2025-09-13T13:08:24.000Z,191,7197.39013671875,47.38463309593499,15.09067009203136
2025-09-13T13:08:25.000Z,191,7200.39013671875,47.38461616449058,15.090706469491124
2025-09-13T13:08:26.000Z,190,7202.5498046875,47.38459596410394,15.09071996435523
2025-09-13T13:08:29.000Z,192,7210.64990234375,47.384527400135994,15.09075902402401
2025-09-13T13:08:36.000Z,192,7231.31982421875,47.38434836268425,15.090832617133856
2025-09-13T13:08:38.000Z,192,7237.7001953125,47.384291449561715,15.09084451943636
2025-09-13T13:08:44.000Z,190,7254.77978515625,47.38414887338877,15.090930182486773
2025-09-13T13:08:48.000Z,187,7263.02001953125,47.38407636992633,15.090963710099459
2025-09-13T13:08:50.000Z,185,7269.64990234375,47.38402649760246,15.09100872091949
2025-09-13T13:08:55.000Z,185,7284.2001953125,47.38390227779746,15.091071501374245
2025-09-13T13:09:00.000Z,188,7297.330078125,47.38380990922451,15.091170575469732
2025-09-13T13:09:02.000Z,187,7300.330078125,47.383806221187115,15.091210221871734
2025-09-13T13:09:05.000Z,190,7306.2900390625,47.383808232843876,15.091289095580578
2025-09-13T13:09:09.000Z,189,7314.0400390625,47.38382885232568,15.09139135479927
2025-09-13T13:09:13.000Z,189,7322.2001953125,47.38383715040982,15.091497888788581
2025-09-13T13:09:15.000Z,189,7328.580078125,47.383788200095296,15.091540301218629
2025-09-13T13:09:21.000Z,190,7349.25,47.38361444324255,15.091645745560527
2025-09-13T13:09:24.000Z,189,7358.7001953125,47.38354688510299,15.091729061678052
2025-09-13T13:09:32.000Z,189,7379.89990234375,47.38337321206927,15.091841462999582
2025-09-13T13:09:40.000Z,187,7401.83984375,47.38318436779082,15.0919268745929
2025-09-13T13:09:41.000Z,188,7404.7099609375,47.38315905444324,15.09193567559123
2025-09-13T13:09:48.000Z,188,7425.740234375,47.38298169337213,15.092035084962845
2025-09-13T13:09:56.000Z,190,7449.68994140625,47.38277608528733,15.092129800468683
2025-09-13T13:09:57.000Z,190,7453.240234375,47.38274431787431,15.09213700890541
2025-09-13T13:10:04.000Z,190,7475.81005859375,47.382550025358796,15.092112701386213
2025-09-13T13:10:09.000Z,190,7490.5498046875,47.382542649284005,15.091899130493402
2025-09-13T13:10:16.000Z,191,7512.0498046875,47.38252077251673,15.091596124693751
2025-09-13T13:10:20.000Z,191,7523.990234375,47.382518760859966,15.091420272365212
2025-09-13T13:10:27.000Z,191,7544.81005859375,47.38245774060488,15.091159008443356
2025-09-13T13:10:28.000Z,189,7546.7001953125,47.38245338201523,15.091134868562222
2025-09-13T13:10:34.000Z,189,7564.39990234375,47.38237685523927,15.090929176658392
2025-09-13T13:10:42.000Z,189,7583.5498046875,47.38229596987367,15.090706972405314
2025-09-13T13:10:48.000Z,190,7601.14990234375,47.38225942477584,15.090482421219349
2025-09-13T13:10:53.000Z,189,7612.66015625,47.382169822230935,15.090417293831706
2025-09-13T13:11:00.000Z,189,7631.33984375,47.3820077162236,15.09047269821167
2025-09-13T13:11:06.000Z,190,7652.0498046875,47.38183354027569,15.090574705973268
2025-09-13T13:11:10.000Z,189,7666.0498046875,47.38172155804932,15.090662129223347
2025-09-13T13:11:16.000Z,191,7687.02978515625,47.381547801196575,15.090776206925511
2025-09-13T13:11:19.000Z,190,7695.43017578125,47.381476974114776,15.090819876641035
2025-09-13T13:11:25.000Z,191,7713.47021484375,47.38134822808206,15.090964967384934
2025-09-13T13:11:26.000Z,189,7715.31982421875,47.381346048787236,15.090989777818322
2025-09-13T13:11:29.000Z,190,7723.68017578125,47.38142156973481,15.091091450303793
2025-09-13T13:11:37.000Z,189,7743.83984375,47.38155358470976,15.09130577556789
2025-09-13T13:11:38.000Z,190,7746.0498046875,47.381574204191566,15.09132681414485
2025-09-13T13:11:46.000Z,190,7768.18017578125,47.38161192275584,15.091608026996255
2025-09-13T13:11:48.000Z,190,7774.14990234375,47.381626423448324,15.09168405085802
2025-09-13T13:11:54.000Z,191,7789.7099609375,47.381689958274364,15.091876918449998
2025-09-13T13:11:59.000Z,190,7803.259765625,47.38175391219556,15.092031229287386
2025-09-13T13:12:04.000Z,187,7816.97021484375,47.381790122017264,15.09220976382494
2025-09-13T13:12:05.000Z,189,7819.259765625,47.3818005155772,15.092237340286374
2025-09-13T13:12:11.000Z,189,7839.330078125,47.381782829761505,15.092560211196542
2025-09-13T13:12:13.000Z,188,7845.4599609375,47.38175357691944,15.092634055763483
2025-09-13T13:12:15.000Z,188,7849.66015625,47.38171652890742,15.092645203694701
2025-09-13T13:12:19.000Z,189,7867.7001953125,47.38156087696552,15.092709911987185
2025-09-13T13:12:24.000Z,190,7887.5498046875,47.381391981616616,15.092788031324744
2025-09-13T13:12:30.000Z,190,7908.2900390625,47.38121394999325,15.092829773202538
2025-09-13T13:12:37.000Z,189,7922.56982421875,47.38108620978892,15.09284301660955
2025-09-13T13:12:40.000Z,190,7931.0,47.38101244904101,15.092846704646945
2025-09-13T13:12:42.000Z,189,7937.1201171875,47.38096475601196,15.092886937782168
2025-09-13T13:12:43.000Z,189,7940.0400390625,47.38095385953784,15.092923734337091
2025-09-13T13:12:46.000Z,188,7949.64990234375,47.380942879244685,15.093046361580491
2025-09-13T13:12:47.000Z,188,7953.02001953125,47.38095629028976,15.093086510896683
2025-09-13T13:12:50.000Z,187,7962.43994140625,47.38099400885403,15.093197990208864
2025-09-13T13:12:52.000Z,188,7967.18994140625,47.381026865914464,15.093235289677978
2025-09-13T13:12:53.000Z,189,7969.47021484375,47.38104279153049,15.09325448423624
2025-09-13T13:13:00.000Z,190,7989.740234375,47.38116097636521,15.0934621039778
2025-09-13T13:13:04.000Z,190,8001.35009765625,47.38120447844267,15.093602081760764
2025-09-13T13:13:05.000Z,190,8004.3701171875,47.38121462054551,15.093639297410846
2025-09-13T13:13:05.000Z,190,8004.3701171875,47.38121462054551,15.093639297410846
2025-09-13T13:13:12.000Z,189,8025.56982421875,47.38128402270377,15.093901818618178
2025-09-13T13:13:19.000Z,188,8048.08984375,47.381337163969874,15.09420532733202
2025-09-13T13:13:20.000Z,189,8051.06982421875,47.381333224475384,15.094250421971083
2025-09-13T13:13:27.000Z,190,8071.7099609375,47.38138343207538,15.094514032825828
2025-09-13T13:13:29.000Z,191,8077.2099609375,47.381357196718454,15.09457471780479
2025-09-13T13:13:31.000Z,190,8085.27978515625,47.381293661892414,15.094626853242517
2025-09-13T13:13:38.000Z,192,8107.39990234375,47.38110498525202,15.09472182020545
2025-09-13T13:13:39.000Z,192,8110.08984375,47.381081683561206,15.094730788841844
2025-09-13T13:13:46.000Z,192,8131.41015625,47.38090583123267,15.094846962019801
2025-09-13T13:13:47.000Z,191,8134.8701171875,47.38087607547641,15.094861714169383
2025-09-13T13:13:52.000Z,193,8156.43017578125,47.38068228587508,15.094856601208448
2025-09-13T13:13:53.000Z,192,8159.52001953125,47.38065571524203,15.094869509339333
2025-09-13T13:13:54.000Z,191,8161.85009765625,47.38063341937959,15.094867330044508
2025-09-13T13:14:00.000Z,191,8178.2099609375,47.38050735555589,15.094979396089911
2025-09-13T13:14:08.000Z,191,8198.8701171875,47.380333095788956,15.095073943957686
2025-09-13T13:14:15.000Z,191,8218.33984375,47.380164535716176,15.095146866515279
2025-09-13T13:14:20.000Z,191,8233.0595703125,47.380051128566265,15.09509657509625
2025-09-13T13:14:21.000Z,191,8236.25,47.380049619823694,15.095053659752011
2025-09-13T13:14:22.000Z,192,8240.080078125,47.38005959428847,15.095004877075553
2025-09-13T13:14:25.000Z,191,8249.1298828125,47.380122961476445,15.094930110499263
2025-09-13T13:14:31.000Z,191,8271.1396484375,47.38030543550849,15.09481804445386
2025-09-13T13:14:32.000Z,191,8274.599609375,47.38033175468445,15.094792982563376
2025-09-13T13:14:37.000Z,192,8291.900390625,47.38043753430247,15.094629283994436
2025-09-13T13:14:43.000Z,192,8308.080078125,47.38047986291349,15.094430716708302
2025-09-13T13:14:49.000Z,192,8323.5400390625,47.38044189289212,15.094233574345708
2025-09-13T13:14:55.000Z,192,8338.509765625,47.380396043881774,15.09404506534338
2025-09-13T13:14:57.000Z,192,8343.259765625,47.38038355484605,15.09398739784956
2025-09-13T13:14:59.000Z,192,8348.6396484375,47.38035773858428,15.093926964327693
2025-09-13T13:15:06.000Z,193,8370.1298828125,47.38028154708445,15.093665197491646
2025-09-13T13:15:11.000Z,192,8382.8701171875,47.38027433864772,15.093474760651588
2025-09-13T13:15:18.000Z,191,8403.1298828125,47.38019881770015,15.093227326869965
2025-09-13T13:15:24.000Z,192,8420.16015625,47.38011089153588,15.093045691028237
2025-09-13T13:15:30.000Z,191,8439.669921875,47.380032017827034,15.092812674120069
2025-09-13T13:15:34.000Z,191,8448.330078125,47.379988515749574,15.092718210071325
2025-09-13T13:15:37.000Z,191,8451.6904296875,47.37996839918196,15.092686945572495
2025-09-13T13:15:38.000Z,190,8455.900390625,47.37994149327278,15.092646880075336
2025-09-13T13:15:42.000Z,192,8469.16015625,47.379856165498495,15.092524336650968
2025-09-13T13:15:46.000Z,192,8482.0302734375,47.37978257238865,15.09239936247468
2025-09-13T13:15:48.000Z,191,8487.73046875,47.379805874079466,15.092334486544132
2025-09-13T13:15:49.000Z,190,8491.2099609375,47.379828840494156,15.092303222045302
2025-09-13T13:15:55.000Z,190,8514.3798828125,47.37994912080467,15.092054279521108
2025-09-13T13:16:01.000Z,190,8536.5400390625,47.38006881438196,15.091820675879717
2025-09-13T13:16:02.000Z,190,8540.349609375,47.38008960150182,15.091780191287398
2025-09-13T13:16:08.000Z,190,8562.419921875,47.38021742552519,15.091567290946841
2025-09-13T13:16:14.000Z,190,8584.83984375,47.380355056375265,15.091356569901109
2025-09-13T13:16:15.000Z,191,8588.1103515625,47.38035757094622,15.091308960691094
2025-09-13T13:16:22.000Z,191,8607.4501953125,47.38040945492685,15.091058844700456
2025-09-13T13:16:27.000Z,192,8621.1201171875,47.380462093278766,15.09090126492083
2025-09-13T13:16:32.000Z,193,8636.3603515625,47.38054960034788,15.0907664000988
2025-09-13T13:16:37.000Z,193,8652.76953125,47.38059435971081,15.090559115633368
2025-09-13T13:16:38.000Z,193,8656.1396484375,47.38059821538627,15.090514775365591
2025-09-13T13:16:45.000Z,191,8676.099609375,47.38067532889545,15.09027337655425
2025-09-13T13:16:50.000Z,191,8689.0595703125,47.38076903857291,15.090158125385642
2025-09-13T13:16:58.000Z,193,8709.91015625,47.380852522328496,15.089911613613367
2025-09-13T13:17:00.000Z,192,8715.0703125,47.380869621410966,15.089847575873137
2025-09-13T13:17:07.000Z,191,8733.6904296875,47.380960900336504,15.089640710502863
2025-09-13T13:17:15.000Z,191,8756.8203125,47.38106592558324,15.089373914524913
2025-09-13T13:17:23.000Z,190,8778.6796875,47.381153432652354,15.08911281824112
2025-09-13T13:17:28.000Z,190,8792.3203125,47.38121730275452,15.088956244289875
2025-09-13T13:17:29.000Z,190,8794.2900390625,47.38123079761863,15.088935792446136
2025-09-13T13:17:36.000Z,190,8814.1796875,47.38136817701161,15.088772680610418
2025-09-13T13:17:42.000Z,190,8834.8701171875,47.38146339543164,15.088535975664854
2025-09-13T13:17:44.000Z,189,8841.2099609375,47.38149231299758,15.088464142754674
2025-09-13T13:17:51.000Z,189,8860.669921875,47.38159163855016,15.088255433365703
2025-09-13T13:17:56.000Z,189,8875.5703125,47.3816570173949,15.088084526360035
2025-09-13T13:18:01.000Z,190,8892.5,47.381801353767514,15.088001629337668
2025-09-13T13:18:08.000Z,190,8910.51953125,47.38194384612143,15.087910182774067
2025-09-13T13:18:15.000Z,190,8932.509765625,47.3821422457695,15.08792837150395
2025-09-13T13:18:22.000Z,190,8953.01953125,47.38232295960188,15.08797631599009
2025-09-13T13:18:29.000Z,192,8973.080078125,47.38249411806464,15.088073629885912
2025-09-13T13:18:35.000Z,192,8994.25,47.38266997039318,15.088196340948343
2025-09-13T13:18:37.000Z,192,9000.169921875,47.38271431066096,15.08823917247355
2025-09-13T13:18:43.000Z,192,9020.3603515625,47.38286132924259,15.088396416977048
2025-09-13T13:18:44.000Z,192,9023.3896484375,47.38288253545761,15.088422568514943
2025-09-13T13:18:51.000Z,192,9042.33984375,47.38303290680051,15.088541088625789
2025-09-13T13:18:57.000Z,192,9064.75,47.38321378827095,15.088675450533628
2025-09-13T13:18:59.000Z,193,9069.2900390625,47.383236000314355,15.088726580142975
2025-09-13T13:19:06.000Z,193,9088.3896484375,47.38333582878113,15.088927410542965
2025-09-13T13:19:12.000Z,192,9104.1796875,47.38342450931668,15.089088343083858
2025-09-13T13:19:17.000Z,195,9117.8701171875,47.38349391147494,15.089237624779344
2025-09-13T13:19:24.000Z,193,9135.599609375,47.38358963280916,15.089427223429084
2025-09-13T13:19:31.000Z,192,9155.0595703125,47.38371762447059,15.089603327214718
2025-09-13T13:19:38.000Z,193,9176.8603515625,47.38386204466224,15.089798960834742
2025-09-13T13:19:40.000Z,194,9183.3203125,47.3839052952826,15.089856879785657
2025-09-13T13:19:47.000Z,195,9198.330078125,47.383997244760394,15.090006915852427
2025-09-13T13:19:53.000Z,194,9219.7900390625,47.38416890613735,15.090169524773955
2025-09-13T13:19:54.000Z,194,9222.6796875,47.384189777076244,15.09019416756928
2025-09-13T13:20:00.000Z,194,9240.5,47.38432640209794,15.09031930938363
2025-09-13T13:20:07.000Z,195,9260.5498046875,47.38448029384017,15.090454928576946
2025-09-13T13:20:14.000Z,195,9283.73046875,47.38466301932931,15.09059976786375
2025-09-13T13:20:15.000Z,195,9286.2099609375,47.38466662354767,15.090633798390627
2025-09-13T13:20:18.000Z,194,9294.7998046875,47.38460979424417,15.09071510285139
2025-09-13T13:20:23.000Z,194,9310.830078125,47.38446461968124,15.090739578008652
2025-09-13T13:20:28.000Z,194,9324.6298828125,47.384350039064884,15.090806046500802
2025-09-13T13:20:35.000Z,192,9346.1396484375,47.38416991196573,15.09090755134821
2025-09-13T13:20:41.000Z,194,9368.2197265625,47.38398190587759,15.090998662635684
2025-09-13T13:20:42.000Z,193,9371.75,47.383950892835855,15.091008972376585
2025-09-13T13:20:49.000Z,193,9391.98046875,47.383800353854895,15.091142244637012
2025-09-13T13:20:54.000Z,194,9406.5498046875,47.38385726697743,15.091322623193264
2025-09-13T13:20:59.000Z,193,9418.76953125,47.38386279903352,15.091479113325477
2025-09-13T13:21:00.000Z,193,9421.099609375,47.38384603522718,15.091498475521803
2025-09-13T13:21:07.000Z,194,9440.5595703125,47.38367990590632,15.091590508818626
2025-09-13T13:21:13.000Z,193,9461.599609375,47.38350690342486,15.09170651435852
2025-09-13T13:21:16.000Z,192,9469.7197265625,47.38343917764723,15.09174800477922
2025-09-13T13:21:23.000Z,192,9491.3603515625,47.38325058482587,15.091817574575543
2025-09-13T13:21:26.000Z,192,9503.5498046875,47.38314748741686,15.091869374737144
2025-09-13T13:21:33.000Z,192,9517.419921875,47.383042043074965,15.091982195153832
2025-09-13T13:21:40.000Z,191,9536.169921875,47.38288253545761,15.092061571776867
2025-09-13T13:21:47.000Z,192,9559.08984375,47.38269008696079,15.092169027775526
2025-09-13T13:21:50.000Z,192,9567.740234375,47.38261339254677,15.092182606458664
2025-09-13T13:21:55.000Z,193,9582.83984375,47.382547007873654,15.092018656432629
2025-09-13T13:22:02.000Z,192,9604.6396484375,47.382540637627244,15.091715147718787
2025-09-13T13:22:09.000Z,192,9627.580078125,47.38254432566464,15.091390516608953
2025-09-13T13:22:10.000Z,192,9630.330078125,47.38254960626364,15.091351205483079
2025-09-13T13:22:15.000Z,192,9645.58984375,47.38248850218952,15.091170240193605
2025-09-13T13:22:21.000Z,193,9662.3095703125,47.38239789381623,15.090993465855718
2025-09-13T13:22:28.000Z,193,9684.169921875,47.38230938091874,15.09073605760932
2025-09-13T13:22:29.000Z,193,9687.5498046875,47.382302256301045,15.09069255553186
2025-09-13T13:22:30.000Z,193,9690.5498046875,47.382286582142115,15.090658944100142
2025-09-13T13:22:33.000Z,194,9698.150390625,47.382262190803885,15.09056456387043
2025-09-13T13:22:39.000Z,192,9713.41015625,47.38216026686132,15.090439589694142
2025-09-13T13:22:45.000Z,191,9728.7099609375,47.382024228572845,15.090476721525192
2025-09-13T13:22:52.000Z,193,9750.1796875,47.381845861673355,15.090594738721848
2025-09-13T13:22:53.000Z,192,9752.9599609375,47.381822895258665,15.09061049669981
2025-09-13T13:22:59.000Z,193,9773.76953125,47.38166280090809,15.09075801819563
2025-09-13T13:23:01.000Z,193,9779.83984375,47.38161116838455,15.090784337371588
2025-09-13T13:23:08.000Z,193,9802.6396484375,47.381422659382224,15.09090956300497
2025-09-13T13:23:10.000Z,193,9808.2998046875,47.38138158805668,15.090960608795285
2025-09-13T13:23:13.000Z,193,9815.2099609375,47.38134579733014,15.091036800295115
2025-09-13T13:23:15.000Z,192,9816.6796875,47.38137840293348,15.09105951525271
2025-09-13T13:23:23.000Z,192,9836.4296875,47.38150111399591,15.091278702020645
2025-09-13T13:23:31.000Z,192,9858.7900390625,47.38158258609474,15.091552957892418
2025-09-13T13:23:32.000Z,193,9860.849609375,47.38158954307437,15.09157843887806
2025-09-13T13:23:38.000Z,193,9876.580078125,47.38166196271777,15.091758063063025
2025-09-13T13:23:46.000Z,193,9898.8798828125,47.38174117170274,15.092028547078371
2025-09-13T13:23:47.000Z,192,9901.349609375,47.381747709587216,15.092060146853328
2025-09-13T13:23:54.000Z,192,9923.08984375,47.38181727938354,15.092327194288373
2025-09-13T13:24:00.000Z,192,9940.009765625,47.38182448782027,15.09255325421691
2025-09-13T13:24:02.000Z,191,9944.51953125,47.381786685436964,15.092589296400547
2025-09-13T13:24:04.000Z,191,9951.9697265625,47.3817191272974,15.092600863426924
2025-09-13T13:24:09.000Z,192,9972.330078125,47.381541933864355,15.092656016349792
2025-09-13T13:24:10.000Z,191,9977.01953125,47.38150245510042,15.092687280848622
2025-09-13T13:24:17.000Z,192,9999.73046875,47.38130916841328,15.092810159549117
2025-09-13T13:24:18.000Z,191,10002.6904296875,47.38128620199859,15.092830611392856
2025-09-13T13:24:22.000Z,191,10012.58984375,47.38119877874851,15.092851063236594
2025-09-13T13:24:29.000Z,191,10032.33984375,47.38102770410478,15.092918705195189
2025-09-13T13:24:34.000Z,192,10041.669921875,47.380953188985586,15.092973187565804
2025-09-13T13:24:35.000Z,192,10045.2001953125,47.380953188985586,15.093020545318723
2025-09-13T13:24:40.000Z,192,10059.4404296875,47.38102225586772,15.093181310221553
2025-09-13T13:24:47.000Z,192,10079.6298828125,47.38112862221897,15.09339764714241
2025-09-13T13:24:48.000Z,193,10082.76953125,47.38114538602531,15.093431174755096
2025-09-13T13:24:54.000Z,193,10100.990234375,47.381186205893755,15.093665113672614
2025-09-13T13:25:01.000Z,192,10121.2001953125,47.38124965690076,15.093914894387126
2025-09-13T13:25:04.000Z,192,10130.240234375,47.38127983175218,15.094025703147054
2025-09-13T13:25:11.000Z,194,10147.9501953125,47.381340684369206,15.094242040067911
2025-09-13T13:25:17.000Z,192,10165.8603515625,47.381407488137484,15.094454856589437
2025-09-13T13:25:20.000Z,194,10173.3798828125,47.381377732381225,15.09454001672566
2025-09-13T13:25:21.000Z,193,10176.8203125,47.381347892805934,15.09455569088459
2025-09-13T13:25:26.000Z,193,10198.5595703125,47.381160808727145,15.09464018046856
2025-09-13T13:25:27.000Z,194,10201.6904296875,47.381136836484075,15.094667505472898
2025-09-13T13:25:34.000Z,193,10223.349609375,47.380958972498775,15.094784433022141
2025-09-13T13:25:42.000Z,193,10245.6396484375,47.38076903857291,15.094865402206779
2025-09-13T13:25:45.000Z,194,10253.5703125,47.3806987144053,15.094881830736995
2025-09-13T13:25:47.000Z,194,10259.419921875,47.38064783625305,15.094903707504272
2025-09-13T13:25:54.000Z,194,10279.25,47.38048690371215,15.095014935359359
2025-09-13T13:26:01.000Z,192,10300.1904296875,47.38030903972685,15.09510738775134
2025-09-13T13:26:08.000Z,193,10320.490234375,47.38013117574155,15.09515323676169
2025-09-13T13:26:09.000Z,193,10323.26953125,47.38011793233454,15.095116775482893
2025-09-13T13:26:13.000Z,193,10334.5703125,47.380100414156914,15.094969756901264
2025-09-13T13:26:14.000Z,194,10336.919921875,47.38011986017227,15.094955507665873
2025-09-13T13:26:20.000Z,195,10357.650390625,47.38028942607343,15.09483614936471
2025-09-13T13:26:26.000Z,196,10380.3603515625,47.38046703860164,15.094687370583415
2025-09-13T13:26:28.000Z,195,10385.8896484375,47.38049117848277,15.094619309529662
2025-09-13T13:26:33.000Z,195,10401.1298828125,47.38051456399262,15.094421748071909
2025-09-13T13:26:40.000Z,195,10421.25,47.38046620041132,15.09416526183486
2025-09-13T13:26:47.000Z,194,10440.3701171875,47.380430325865746,15.093913050368428
2025-09-13T13:26:54.000Z,194,10461.5703125,47.3803688865155,15.093648433685303
2025-09-13T13:26:55.000Z,195,10464.1298828125,47.380353547632694,15.093621024861932
2025-09-13T13:27:01.000Z,195,10481.0302734375,47.38029520958662,15.093418266624212
2025-09-13T13:27:08.000Z,194,10502.0498046875,47.380204098299146,15.09317141957581
2025-09-13T13:27:10.000Z,195,10507.1796875,47.38017878495157,15.093114422634244
2025-09-13T13:27:16.000Z,194,10526.3203125,47.38009010441601,15.09289967827499
2025-09-13T13:27:21.000Z,195,10542.3798828125,47.38002975471318,15.092717539519072
2025-09-13T13:27:24.000Z,195,10547.0302734375,47.38004894927144,15.092662470415235
2025-09-13T13:27:26.000Z,194,10554.0498046875,47.380003184080124,15.092597845941782
2025-09-13T13:27:32.000Z,195,10575.75,47.379880053922534,15.092376647517085
2025-09-13T13:27:33.000Z,195,10578.6103515625,47.379881143569946,15.092337923124433
2025-09-13T13:27:35.000Z,195,10584.7998046875,47.37990536727011,15.092263827100396
2025-09-13T13:27:40.000Z,195,10601.830078125,47.37998742610216,15.092071546241641
2025-09-13T13:27:46.000Z,194,10622.9296875,47.38008163869381,15.091819167137146
2025-09-13T13:27:48.000Z,195,10629.580078125,47.38011550158262,15.091743310913444
2025-09-13T13:27:55.000Z,196,10653.0703125,47.38025380298495,15.091504761949182
2025-09-13T13:27:57.000Z,196,10659.9599609375,47.380290012806654,15.09142991155386
2025-09-13T13:28:01.000Z,195,10672.26953125,47.38033753819764,15.091281803324819
2025-09-13T13:28:02.000Z,196,10675.7001953125,47.38034893758595,15.091239558532834
2025-09-13T13:28:09.000Z,196,10696.1298828125,47.38043149933219,15.09099354967475
2025-09-13T13:28:14.000Z,197,10710.8701171875,47.380518754944205,15.090842172503471
2025-09-13T13:28:19.000Z,196,10730.0703125,47.38062201999128,15.090646874159575
2025-09-13T13:28:24.000Z,196,10746.650390625,47.38066996447742,15.09044436737895
2025-09-13T13:28:30.000Z,197,10765.900390625,47.38073986954987,15.090217972174287
2025-09-13T13:28:37.000Z,197,10787.73046875,47.38084279932082,15.089973723515868
2025-09-13T13:28:44.000Z,197,10808.3798828125,47.38092401996255,15.089728133752942
2025-09-13T13:28:46.000Z,197,10813.9404296875,47.380944807082415,15.089661246165633
2025-09-13T13:28:54.000Z,196,10834.150390625,47.381026446819305,15.089422194287181
2025-09-13T13:28:55.000Z,196,10836.5595703125,47.38103977404535,15.08939621038735
2025-09-13T13:29:02.000Z,195,10853.849609375,47.3811165522784,15.089196637272835
2025-09-13T13:29:09.000Z,195,10872.3603515625,47.38119710236788,15.088983653113246
2025-09-13T13:29:15.000Z,195,10887.9599609375,47.38129206933081,15.088830599561334
2025-09-13T13:29:21.000Z,195,10903.8203125,47.381387036293745,15.088673438876867
2025-09-13T13:29:26.000Z,195,10918.3603515625,47.38145811483264,15.088511751964688
2025-09-13T13:29:27.000Z,194,10920.8095703125,47.38147580064833,15.088492389768362
2025-09-13T13:29:31.000Z,196,10933.2197265625,47.38154076039791,15.088362051174045
2025-09-13T13:29:37.000Z,194,10947.849609375,47.38161242567003,15.08818058297038
2025-09-13T13:29:44.000Z,193,10969.8095703125,47.38178635016084,15.088042952120304
2025-09-13T13:29:46.000Z,195,10975.48046875,47.38182934932411,15.088000874966383
2025-09-13T13:29:54.000Z,194,10994.509765625,47.38198651000857,15.087899034842849
2025-09-13T13:29:57.000Z,193,11001.3203125,47.38204241730273,15.087848072871566
2025-09-13T13:30:00.000Z,193,11014.16015625,47.38215649500489,15.087883779779077
2025-09-13T13:30:06.000Z,194,11032.740234375,47.38232052884996,15.087930131703615
2025-09-13T13:30:12.000Z,194,11048.7197265625,47.38245137035847,15.088014788925648
2025-09-13T13:30:18.000Z,194,11069.8603515625,47.38262487575412,15.088135991245508
2025-09-13T13:30:20.000Z,194,11077.3798828125,47.38269251771271,15.088171698153019
2025-09-13T13:30:28.000Z,193,11099.9697265625,47.38284833729267,15.088364062830806
2025-09-13T13:30:34.000Z,194,11110.66015625,47.38292260095477,15.088456682860851
2025-09-13T13:30:39.000Z,192,11124.990234375,47.383028799667954,15.088559947907925
2025-09-13T13:30:40.000Z,194,11127.8896484375,47.383045898750424,15.088590793311596
2025-09-13T13:30:46.000Z,193,11147.25,47.383194509893656,15.088734040036798
2025-09-13T13:30:53.000Z,194,11169.48046875,47.383331805467606,15.088947275653481
2025-09-13T13:31:00.000Z,196,11189.7001953125,47.38345376215875,15.089143915101886
2025-09-13T13:31:07.000Z,195,11207.599609375,47.38355442881584,15.089330580085516
2025-09-13T13:31:13.000Z,196,11224.2001953125,47.38367211073637,15.089473323896527
2025-09-13T13:31:20.000Z,195,11241.66015625,47.383788619190454,15.089627467095852
2025-09-13T13:31:28.000Z,194,11258.5498046875,47.383896075189114,15.089783621951938
2025-09-13T13:31:37.000Z,194,11278.23046875,47.384001687169075,15.08999384008348
2025-09-13T13:31:45.000Z,194,11299.73046875,47.38414476625621,15.090192575007677
2025-09-13T13:31:46.000Z,194,11302.7001953125,47.38416672684252,15.090214870870113
2025-09-13T13:31:52.000Z,195,11316.759765625,47.384276362136006,15.090328780934215
2025-09-13T13:31:59.000Z,195,11337.4697265625,47.38444039598107,15.090476889163256
2025-09-13T13:32:06.000Z,196,11359.23046875,47.38462429493666,15.090595576912165
2025-09-13T13:32:07.000Z,196,11361.6904296875,47.384618343785405,15.090629188343883
2025-09-13T13:32:09.000Z,196,11370.1201171875,47.384569980204105,15.09070965461433
2025-09-13T13:32:14.000Z,194,11387.0498046875,47.384425308555365,15.09077662602067
2025-09-13T13:32:20.000Z,193,11402.76953125,47.38429706543684,15.090859774500132
2025-09-13T13:32:28.000Z,192,11420.3798828125,47.38414694555104,15.090927751734853
2025-09-13T13:32:34.000Z,189,11431.41015625,47.38404971547425,15.09094912558794
2025-09-13T13:32:36.000Z,189,11434.98046875,47.38402440212667,15.090980809181929
2025-09-13T13:32:46.000Z,188,11452.5,47.383881993591785,15.091097820550203
2025-09-13T13:32:55.000Z,190,11468.7998046875,47.38374335691333,15.091135455295444
2025-09-13T13:32:59.000Z,190,11478.23046875,47.38379809074104,15.091259591281414
2025-09-13T13:33:05.000Z,187,11489.0,47.38385299220681,15.091382218524814
2025-09-13T13:33:06.000Z,187,11490.919921875,47.38386615179479,15.091400407254696
2025-09-13T13:33:07.000Z,186,11493.66015625,47.38388601690531,15.091422200202942
2025-09-13T13:33:09.000Z,186,11496.9501953125,47.38389699719846,15.09146117605269
2025-09-13T13:33:11.000Z,185,11500.0498046875,47.38388677127659,15.091499146074057
2025-09-13T13:33:17.000Z,184,11510.7802734375,47.383797504007816,15.091554466634989
2025-09-13T13:33:25.000Z,184,11526.8603515625,47.38367303274572,15.091661671176553
2025-09-13T13:33:32.000Z,183,11543.830078125,47.38354252651334,15.091786310076714
2025-09-13T13:33:39.000Z,183,11566.759765625,47.383341612294316,15.09182964451611
2025-09-13T13:33:45.000Z,183,11585.1796875,47.38318101502955,15.091889658942819
2025-09-13T13:33:52.000Z,183,11604.1201171875,47.38303391262889,15.092022428289056
2025-09-13T13:33:58.000Z,186,11619.240234375,47.38289946690202,15.092060063034296
2025-09-13T13:34:00.000Z,185,11624.8798828125,47.38285378552973,15.092091578990221
2025-09-13T13:34:05.000Z,188,11640.4404296875,47.38272512331605,15.092173051089048
2025-09-13T13:34:08.000Z,187,11649.6103515625,47.38264708779752,15.092211943119764
2025-09-13T13:34:10.000Z,187,11654.5498046875,47.38260400481522,15.092202303931117
2025-09-13T13:34:12.000Z,187,11659.4501953125,47.38256787881255,15.092167099937797
2025-09-13T13:34:13.000Z,188,11662.1796875,47.3825635202229,15.092130387201905
2025-09-13T13:34:16.000Z,188,11673.099609375,47.38255639560521,15.091978842392564
2025-09-13T13:34:23.000Z,190,11694.2099609375,47.38250635564327,15.09170014411211
2025-09-13T13:34:29.000Z,191,11715.009765625,47.38251448608935,15.091413063928485
2025-09-13T13:34:31.000Z,190,11721.240234375,47.382503589615226,15.091331172734499
2025-09-13T13:34:38.000Z,190,11741.76953125,47.38242756575346,15.09108692407608
2025-09-13T13:34:45.000Z,191,11760.8095703125,47.38232849165797,15.090884920209646
2025-09-13T13:34:51.000Z,192,11780.259765625,47.38228239119053,15.090630780905485
2025-09-13T13:34:57.000Z,194,11801.2197265625,47.3821818921715,15.090416874736547
2025-09-13T13:35:02.000Z,193,11817.759765625,47.382039902731776,15.090509578585625
2025-09-13T13:35:08.000Z,194,11838.3603515625,47.38185818307102,15.090556349605322
2025-09-13T13:35:10.000Z,194,11843.9697265625,47.38180906511843,15.090574622154236
2025-09-13T13:35:17.000Z,193,11866.1298828125,47.38163681700826,15.090728681534529
2025-09-13T13:35:24.000Z,194,11888.259765625,47.38146096467972,15.090887015685439
2025-09-13T13:35:30.000Z,195,11904.4501953125,47.381339678540826,15.090967146679759
2025-09-13T13:35:32.000Z,194,11906.7998046875,47.381377229467034,15.09101064875722
2025-09-13T13:35:34.000Z,196,11912.9501953125,47.38144780509174,15.091060856357217
2025-09-13T13:35:40.000Z,198,11933.759765625,47.381529696285725,15.091310637071729
2025-09-13T13:35:41.000Z,199,11937.5,47.381541430950165,15.091357072815299
2025-09-13T13:35:47.000Z,197,11959.76953125,47.38161653280258,15.091630993410945
2025-09-13T13:35:52.000Z,198,11977.9599609375,47.38169498741627,15.091847078874707
2025-09-13T13:35:58.000Z,197,11999.6904296875,47.38176807761192,15.092115551233292
2025-09-13T13:35:59.000Z,198,12003.4296875,47.381778890267015,15.092162573710084
2025-09-13T13:36:01.000Z,197,12009.8203125,47.38180361688137,15.092239268124104
2025-09-13T13:36:07.000Z,197,12028.0703125,47.38184946589172,15.09247119538486
2025-09-13T13:36:09.000Z,197,12033.1904296875,47.38183194771409,15.092533305287361
2025-09-13T13:36:11.000Z,198,12040.4404296875,47.381776459515095,15.0925865303725
2025-09-13T13:36:16.000Z,198,12061.6298828125,47.381601026281714,15.092704128473997
2025-09-13T13:36:17.000Z,197,12065.7001953125,47.38156967796385,15.092733968049288
2025-09-13T13:36:23.000Z,197,12087.1103515625,47.38139692693949,15.09286162443459
2025-09-13T13:36:25.000Z,196,12094.2802734375,47.38134043291211,15.09291099384427
2025-09-13T13:36:32.000Z,197,12116.3603515625,47.38114010542631,15.092863971367478
2025-09-13T13:36:38.000Z,197,12131.2197265625,47.381013287231326,15.092926919460297
2025-09-13T13:36:42.000Z,195,12138.8896484375,47.38095888867974,15.092991711571813
2025-09-13T13:36:43.000Z,196,12140.83984375,47.38095578737557,15.093017192557454
2025-09-13T13:36:47.000Z,195,12151.240234375,47.38101253286004,15.093135545030236
2025-09-13T13:36:54.000Z,196,12171.66015625,47.38112719729543,15.093350792303681
2025-09-13T13:37:01.000Z,196,12192.3701171875,47.3812098428607,15.093596801161766
2025-09-13T13:37:02.000Z,196,12195.3701171875,47.38121872767806,15.093634352087975
2025-09-13T13:37:10.000Z,195,12216.830078125,47.38128603436053,15.093900561332703
2025-09-13T13:37:11.000Z,195,12219.7001953125,47.38129634410143,15.093935346230865
2025-09-13T13:37:18.000Z,196,12240.66015625,47.381347389891744,15.094200801104307
2025-09-13T13:37:25.000Z,196,12261.4697265625,47.381409499794245,15.094459969550371
2025-09-13T13:37:27.000Z,196,12268.400390625,47.38139315508306,15.094551667571068
2025-09-13T13:37:29.000Z,196,12276.099609375,47.38132660277188,15.094599612057209
2025-09-13T13:37:34.000Z,198,12295.6796875,47.38115577958524,15.094662560150027
2025-09-13T13:37:40.000Z,199,12316.349609375,47.38098126836121,15.094756940379739
2025-09-13T13:37:41.000Z,197,12319.759765625,47.38095201551914,15.094771273434162
2025-09-13T13:37:48.000Z,198,12342.669921875,47.380761075764894,15.09488065727055
2025-09-13T13:37:53.000Z,198,12358.5595703125,47.38063031807542,15.094966068863869
2025-09-13T13:37:59.000Z,199,12380.7900390625,47.38043636083603,15.095034884288907
2025-09-13T13:38:00.000Z,198,12385.240234375,47.380396630614996,15.095042930915952
2025-09-13T13:38:06.000Z,199,12406.25,47.38021750934422,15.095142675563693
2025-09-13T13:38:09.000Z,199,12419.7001953125,47.380101419985294,15.095105962827802
2025-09-13T13:38:11.000Z,199,12424.83984375,47.3800908587873,15.095036560669541
2025-09-13T13:38:12.000Z,199,12427.91015625,47.38010955043137,15.095005799084902
2025-09-13T13:38:17.000Z,199,12445.41015625,47.3802462592721,15.094890799373388
2025-09-13T13:38:19.000Z,199,12450.3203125,47.38028733059764,15.094865737482905
